{
    "name": "evflownet_l1",
    "n_gpu": 1,
    "arch": {
        "type": "EVFlowNet",
        "args": {
            "unet_kwargs": {
                "num_bins": 10,
                "base_num_channels": 32,
                "num_encoders": 4,
                "num_residual_blocks": 2,
                "num_output_channels": 2,
                "skip_type": "concat",
                "norm": null,
                "use_upsample_conv": true,
                "kernel_size": 3,
                "channel_multiplier": 2
            }
        }
    },
    "data_loader": {
        "type": "HDF5DataLoader",
        "args": {
            "data_file": "/path/to/dataset",
            "batch_size": 32,
            "shuffle": true,
            "num_workers": 0,
            "pin_memory": true,
            "sequence_kwargs": {
                "sequence_length": 8,
                "dataset_type": "HDF5Dataset",
                "proba_pause_when_running": 0.0,
                "proba_pause_when_paused": 0.0,
                "normalize_image": false,
                "noise_kwargs": {
                    "noise_std": 0.0,
                    "noise_fraction": 0.0
                },
                "hot_pixel_kwargs": {
                    "hot_pixel_std": 0.0,
                    "max_hot_pixel_fraction": 0.0
                },
                "dataset_kwargs": {
                    "transforms": {
                        "RandomCrop": {
                            "size": 128
                        },
                        "RandomFlip": {}
                    },
                    "num_bins": 5
                }
            }
        }
    },
    "valid_data_loader": {
        "type": "HDF5DataLoader",
        "args": {
            "data_file": "/path/to/validation_dataset",
            "batch_size": 16,
            "shuffle": false,
            "num_workers": 0,
            "pin_memory": true,
            "sequence_kwargs": {
                "sequence_length": 160,
                "dataset_type": "HDF5Dataset",
                "normalize_image": true,
                "dataset_kwargs": {
                    "max_length": 320,
                    "transforms": {
                        "CenterCrop": {
                            "size": 160
                        }
                    },
                    "num_bins": 5,
                    "combined_voxel_channels": false
                }
            }
        }
    },
    "optimizer": {
        "type": "Adam",
        "args": {
            "lr": 0.0001,
            "weight_decay": 0,
            "amsgrad": true
        }
    },
    "loss_ftns": {
        "flow_l1_loss": {
            "weight": 1.0
        }
     },
    "lr_scheduler": {
        "type": "StepLR",
        "args": {
            "step_size": 50,
            "gamma": 1.0
        }
    },
    "trainer": {
        "epochs": 120,
        "save_dir": "/save/path",
        "save_period": 5,
        "verbosity": 2,
        "monitor": "min loss",
        "num_previews": 4,
        "val_num_previews": 8,
        "tensorboard": true
    }
}
