{
    "name": "prediction_example",
    "n_gpu": 1,

    "arch": {
        "type": "E2VIDRecurrent",
        "args": {
            "unet_kwargs": {
                "base_num_channels": 32,
                "num_encoders": 3,
                "num_residual_blocks": 2,
                "num_bins": 10,
                "skip_type": "sum",
                "norm": "batch",
                "use_upsample_conv": true,
                "recurrent_block_type": "convlstm"
            }
        }
    },

    "data_loader": {
        "type": "Custom_DataLoader",
        "args": {
            "data_file": "test_dataset.csv",
            "batch_size": 1,
            "shuffle": false,
            "num_workers": 4
        }
    },

    "sequence_length": {
        "valid": 140
    },

    "resume": "checkpoints/200.pth"
}