{
    "name": "training_example",
    "n_gpu": 4,
    "sequence_length": {
        "train": 40,
        "valid": 140
    },

    "arch": {
        "type": "NAF_LSTM",
        "args": {
            "combined_channel": 6,
            "img_channel": 1,
            "width": 16,
            "middle_blk_num": 12,
            "enc_blk_nums": [1, 1, 1, 28],
            "dec_blk_nums": [1, 1, 1, 1],
            "recurrent_block_type": "convlstm"
        }
    },

    "data_loader": {
        "type": "Custom_DataLoader",
        "args": {
            "data_file": "train_dataset.csv",
            "batch_size": 1,
            "shuffle": false,
            "num_workers": 4
        }
    },

    "valid_data_loader": {
        "type": "Custom_DataLoader",
        "args": {
            "data_file": "test_dataset.csv",
            "batch_size": 1,
            "shuffle": false,
            "num_workers": 4
        }
    },

    "optimizer": {
        "type": "Adam",
        "args": {
            "lr": 0.0001,
            "weight_decay": 0,
            "amsgrad": true
        }
    },

    "lr_scheduler": {
        "type": "StepLR",
        "args": {
            "step_size": 50,
            "gamma": 1.0
        }
    },

    "trainer": {
        "epochs": 500,
        "save_period": 5,
        "verbosity": 2,
        "monitor": "min val_loss",
        "early_stop": 10,
        "tensorboard": true,
        "num_previews": 5,
        "log_step": 84,
        "val_freq": 1
    },

    "log_dir": "Log_NAF_LSTM",
    "save_dir": "CK_NAF_LSTM",
    "resume": null
}